Name,Email,Phone,Est_Years_Exp,Experience_Titles,Education,Skills,File_Name
Adriana Rosario,itmanager@gmail.com,414-555-0182,13,IT Manager,Bachelor's,AWS,Adriana-Rosario-IT-Manager-Resume (TechieCV.com).pdf
JOHN H. SMITH,info@greatresumesfast.com,800.991.5187,22,Project Manager; IT Manager,Bachelor's,Project Management; IT Support,Assistant IT Manager Resume.pdf
Casey Nakamura,sysadmin@gmail.com,N/A,8,Systems Administrator,Bachelor's,Python; Docker,Casey-Nakamura-System-Administrator-Resume (TechieCV.com).pdf
Infrastructure Administrator,sasfinrecruitment@sasfin.com,N/A,Not Specified,Systems Engineer; Infrastructure Administrator MANAGER,Not Specified,SQL,IT Infrastructure Administrator Resume.pdf
e,wins@aol.com,772-288-9428,15,IT Manager; Systems Engineer,Not Specified,Project Management; IT Support,IT Networking Manager Resume.pdf
Jordan Reyes,jordan.reyes@gmail.com,602-555-0188,6,Not Specified,Bachelor's,Python; IT Support,Jordan-Reyes-IT-Support-Specialist-Resume (TechieCV.com).pdf
Jordan Reyes,netengineer@gmail.com,N/A,8,Not Specified,Bachelor's,Python; AWS; Git,Jordan-Reyes-Network-Engineer-Resume (TechieCV.com).pdf
Mateo Velez,netadmin@gmail.com,703-555-0148,11,Not Specified,Bachelor's,Troubleshooting,Mateo-Velez-Network-Administrator-Resume (TechieCV.com).pdf
Priya Raman,priya.raman@gmail.com,617-555-0182,8,Not Specified,Bachelor's,Python; SQL; AWS,Priya-Raman-Database-Administrator-Resume (TechieCV.com).pdf
NNAAMMEE,email@optonline.net,667.667.5555,29,Project Manager,Not Specified,Project Management,Professional IT Project Manager Resume.pdf
SENIOR BUSINESS ANALYST / IT PROJECT MANAGER,JOBS@BIZRULES.COM,305.994.9510,16,Project Manager; Business Analyst; Systems Architect,Master's; Bachelor's,Project Management; Troubleshooting,Senior IT Business Analyst Resume.pdf
"JOHN H. SMITH, M.ENG.",info@greatresumesfast.com,800.991.5187,15,Project Manager; Systems Administrator; Systems Engineer,Master's,Project Management,Senior IT Manager Resume.PDF
Name & Personal Details of clients are not included for Anonymity,xxxxx@yahoo.co.in,N/A,15,Project Manager,Master's; Bachelor's,Project Management; IT Support,Senior IT Project Manager Resume.pdf
PERSONAL PROFILE,hello@reallygreatsite.com,123-456-7890,4,Not Specified,Diploma,IT Support; System documentation; Troubleshooting,Tech Professional Resume.pdf
Ada Lovelace,adalove@gmail.com,(919) 110-0110,2,Project Manager,Bachelor's,Python; SQL; Java; JavaScript; React; Docker; AWS; Git,UNC CS Technical Resume.pdf
