File_Name,Name,Email,Phone,Skills,Raw_Text_Summary
Adriana-Rosario-IT-Manager-Resume (TechieCV.com).pdf,Adriana Rosario,itmanager@gmail.com,414-555-0182,AWS,"Adriana Rosario IT Manager Milwaukee, WI • itmanager@gmail.com • +1 414-555-0182 PROFILE SUMMARY IT Manager with 13 years of experience leading IT operations in Fortune-500 financial services across financial services, healthcare, and regulated enterprise IT, specializing in IT strategy, service del"
Assistant IT Manager Resume.pdf,JOHN H. SMITH,info@greatresumesfast.com,800.991.5187,None,"JOHN H. SMITH P.O. Box 1673(cid:1) Callahan, FL 32011(cid:1) 800.991.5187(cid:1) info@greatresumesfast.com IT Project Manager Versatile and hands-on Project Manager who leads teams to design and implement successful IT projects that align business and IT objectives and deliver rapid results Project "
Casey-Nakamura-System-Administrator-Resume (TechieCV.com).pdf,Casey Nakamura,sysadmin@gmail.com,N/A,"Python, Docker","Casey Nakamura System Administrator Denver, CO • sysadmin@gmail.com • +1 3035-2222 PROFILE SUMMARY System Administrator with 8 years of experience operating enterprise IT environments across aerospace engineering, telecommunications, and enterprise IT, specializing in Linux + Windows administration,"
Entry Level IT Networking Resume.pdf,DeVry University,KCC-CAREERSERVICES@DEVRY.EDU,816-943-7465,"SQL, Java, JavaScript, Excel","DeVry University Resume Sample Packet Additional samples are available from DeVry Career Services. You may also access them online at www.kc.devry.edu/CareerServices.html. DEVRY UNIVERSITY CAREER SERVICES 816-943-7465, ROOM 221 KCC-CAREERSERVICES@DEVRY.EDU 1 TABLE OF CONTENTS Resume Samples Business"
IT Infrastructure Administrator Resume.pdf,Infrastructure Administrator,sasfinrecruitment@sasfin.com,N/A,SQL,"Infrastructure Administrator COMPANY: SASFIN BANK LTD DIVISION: Information Technology JOB TITLE: Infrastructure Administrator MANAGER: Infrastructure Manager LOCATION: Waverley, Johannesburg MAIN PURPOSE OF THE JOB The Infrastructure Administrator is responsible for ensuring that the performance an"
IT Networking Manager Resume.pdf,e,wins@aol.com,772-288-9428,None,"e Matthew Winston Matthew Winston IT Support History wins@aol.com 851 Kansas Ave • Stuart, FL 34997 Synopsis: Phone: 772-288-9428 • Fax: 722-288-0024 With 15+ years of experience in the r IT/Telecom industry, I have acquired a tremendous amount of hands on and technical project management Hilton Inn"
Jordan-Reyes-IT-Support-Specialist-Resume (TechieCV.com).pdf,Jordan Reyes,jordan.reyes@gmail.com,602-555-0188,Python,"Jordan Reyes IT Support Specialist Phoenix, AZ • jordan.reyes@gmail.com • +1 602-555-0188 PROFILE SUMMARY IT Support Specialist with 6 years of experience supporting enterprise end-user computing environments across e- commerce, web hosting, and corporate IT, specializing in endpoint deployment, ide"
Jordan-Reyes-Network-Engineer-Resume (TechieCV.com).pdf,Jordan Reyes,netengineer@gmail.com,N/A,"Python, AWS","Jordan Reyes Network Engineer San Francisco, CA • netengineer@gmail.com • +1 4155-3333 PROFILE SUMMARY Network Engineer with 8 years of experience operating enterprise networks across SaaS, colocation, and enterprise IT, specializing in multi-vendor routing and switching, network security, and SD-WA"
Mateo-Velez-Network-Administrator-Resume (TechieCV.com).pdf,Mateo Velez,netadmin@gmail.com,703-555-0148,None,"Mateo Velez Network Administrator McLean, VA • netadmin@gmail.com • +1 703-555-0148 PROFILE SUMMARY Network Administrator with 11 years of experience operating multi-site enterprise networks across hospitality, healthcare, and corporate IT, specializing in LAN/WAN administration, firewall operations"
Priya-Raman-Database-Administrator-Resume (TechieCV.com).pdf,Priya Raman,priya.raman@gmail.com,617-555-0182,"Python, SQL, AWS","Priya Raman Senior Database Boston, MA • priya.raman@gmail.com • +1 617-555-0182 Administrator PROFILE SUMMARY Senior Database Administrator with 8 years of experience operating enterprise SaaS and developer-tooling teams across ticketing, CI/CD, and observability platforms, specializing in high ava"
Professional IT Project Manager Resume.pdf,NNAAMMEE,email@optonline.net,667.667.5555,None,"NNAAMMEE 9 Any Street • City, ST 00000 • Tel 667.667.5555 • email@optonline.net Highly-effective operations management professional with more than a decade of experience delivering business process alignment, project management, and practical solutions to complex financial problems. A seasoned finan"
Senior IT Business Analyst Resume.pdf,SENIOR BUSINESS ANALYST / IT PROJECT MANAGER,JOBS@BIZRULES.COM,305.994.9510,None,"SENIOR BUSINESS ANALYST / IT PROJECT MANAGER BUSINESS PROCESS & BUSINESS RULES ANALYST ROLANDO HERNANDEZ MIAMI FL 305.994.9510 JOBS@BIZRULES.COM EXECUTIVE SUMMARY • Process Improvement Analyst & Business Process Management Consultant for Fortune 500. • Project Manager and Business Analyst for large,"
Senior IT Manager Resume.PDF,"JOHN H. SMITH, M.ENG.",info@greatresumesfast.com,800.991.5187,None,"JOHN H. SMITH, M.ENG. PO Box 1673Callahan, FL 32011800.991.5187info@greatresumesfast.com ITINFRASTRUCTURE&TECHNICALMANAGER Leverage 15+ years of experience—including 10 years of senior-level leadership—spanning IT infrastructure, communication and networkmanagement, system operations, service man"
Senior IT Project Manager Resume.pdf,Project Manager Resume Sample,xxxxx@yahoo.co.in,N/A,None,"Project Manager Resume Sample www.timesresumes.com Name & Personal Details of clients are not included for Anonymity Add: xxxxxxxxxxxxxxxxxxxxxxxxxxxxxxxxxxxxxxxxxxx Mob: xxxxxxxxxxxx E-mail: xxxxx@yahoo.co.in SENIOR IT PROJECT MANAGER (cid:1) Experienced project manager with 14 years of success, le"
Tech Professional Resume.pdf,PERSONAL PROFILE,hello@reallygreatsite.com,123-456-7890,None,"PERSONAL PROFILE Organised and practical digital support candidate with experience helping teams manage simple technical tasks, digital files, and everyday system support. Confident learning new tools, following processes, and communicating clearly with colleagues across different departments. Samee"
UNC CS Technical Resume.pdf,Ada Lovelace,adalove@gmail.com,(919) 110-0110,"Python, SQL, Java, JavaScript, React, Docker, AWS","Ada Lovelace (919) 110-0110 | adalove@gmail.com | LinkedIn | GitHub EDUCATION University of North Carolina at Chapel Hill | Chapel Hill, NC May 2027 B.S. in Computer Science, Minors in Data Science and Studio Art | GPA: 3.7/4.0 ● Relevant Courses: Files and Databases, Modern Web Development, Mobile "
